Model,MAE (meV/atom),RMSE (meV/atom),Count
mace,100.07851690480588,205.71554484652637,1008
grace,95.99058222726534,203.26013321883636,1008
mattersim,109.20099068298231,206.82328874314877,1008
dpa3.1,94.69113244789472,201.6302370512955,1008
